{"cameraMode":{"drawMode":0,"name":"Shaded","section":"Shading Mode"},"sceneLighting":false,"audioPlay":false,"sceneViewState":{"showFog":true,"showMaterialUpdate":true,"showSkybox":false,"showFlares":true,"showImageEffects":true,"showParticleSystems":true},"in2DMode":false,"pivot":{"x":15.752374649047852,"y":-0.17912912368774415,"z":5.402360439300537},"rotation":{"x":0.10486650466918946,"y":-0.3332928717136383,"z":0.03449363261461258,"w":0.9383057951927185},"size":1.381094217300415,"orthographic":false}