{"cameraMode":{"drawMode":0,"name":"Shaded","section":"Shading Mode"},"sceneLighting":false,"audioPlay":false,"sceneViewState":{"showFog":true,"showMaterialUpdate":true,"showSkybox":false,"showFlares":true,"showImageEffects":true,"showParticleSystems":true},"in2DMode":false,"pivot":{"x":-0.029582858085632325,"y":0.2515750527381897,"z":0.004941821098327637},"rotation":{"x":0.3731437921524048,"y":0.5004799962043762,"z":-0.25279778242111208,"w":0.7412205934524536},"size":2.447659969329834,"orthographic":false}