{"cameraMode":{"drawMode":0,"name":"Shaded","section":"Shading Mode"},"sceneLighting":true,"audioPlay":false,"sceneViewState":{"showFog":true,"showMaterialUpdate":true,"showSkybox":true,"showFlares":true,"showImageEffects":true,"showParticleSystems":true},"in2DMode":false,"pivot":{"x":21.275667190551759,"y":23.755813598632814,"z":-6.87992525100708},"rotation":{"x":-0.01471332460641861,"y":0.8980851173400879,"z":0.027867069467902185,"w":0.43905702233314516},"size":21.07671546936035,"orthographic":false}