{"cameraMode":{"drawMode":0,"name":"Shaded","section":"Shading Mode"},"sceneLighting":false,"audioPlay":false,"sceneViewState":{"showFog":true,"showMaterialUpdate":true,"showSkybox":false,"showFlares":true,"showImageEffects":true,"showParticleSystems":true},"in2DMode":false,"pivot":{"x":0.10382080078125,"y":0.2980608344078064,"z":-0.03210955858230591},"rotation":{"x":-0.1864355504512787,"y":0.6914975047111511,"z":-0.19143307209014893,"w":-0.6721935272216797},"size":4.2020263671875,"orthographic":false}