{"cameraMode":{"drawMode":0,"name":"Shaded","section":"Shading Mode"},"sceneLighting":false,"audioPlay":false,"sceneViewState":{"showFog":true,"showMaterialUpdate":false,"showSkybox":false,"showFlares":true,"showImageEffects":true,"showParticleSystems":true},"in2DMode":false,"pivot":{"x":-3.5874385833740236,"y":3.6458468437194826,"z":-0.9668521285057068},"rotation":{"x":0.08038307726383209,"y":0.6665119528770447,"z":-0.07229381799697876,"w":0.7377495169639587},"size":5.251262664794922,"orthographic":false}