{"cameraMode":{"drawMode":0,"name":"Shaded","section":"Shading Mode"},"sceneLighting":false,"audioPlay":false,"sceneViewState":{"showFog":true,"showMaterialUpdate":true,"showSkybox":false,"showFlares":true,"showImageEffects":true,"showParticleSystems":true},"in2DMode":false,"pivot":{"x":-32.95000076293945,"y":11.130000114440918,"z":-0.39999961853027346},"rotation":{"x":-0.28937968611717226,"y":0.5337197184562683,"z":-0.23028993606567384,"w":-0.763764500617981},"size":85.728515625,"orthographic":false}