{"cameraMode":{"drawMode":0,"name":"Shaded","section":"Shading Mode"},"sceneLighting":false,"audioPlay":false,"sceneViewState":{"showFog":true,"showMaterialUpdate":true,"showSkybox":false,"showFlares":true,"showImageEffects":true,"showParticleSystems":true},"in2DMode":false,"pivot":{"x":0.07444101572036743,"y":0.32340699434280398,"z":0.07386699318885803},"rotation":{"x":-0.08110658079385758,"y":-0.12956589460372926,"z":0.011552204377949238,"w":-0.9897516965866089},"size":2.781342029571533,"orthographic":false}