{"cameraMode":{"drawMode":0,"name":"Shaded","section":"Shading Mode"},"sceneLighting":false,"audioPlay":false,"sceneViewState":{"showFog":true,"showMaterialUpdate":true,"showSkybox":false,"showFlares":true,"showImageEffects":true,"showParticleSystems":true},"in2DMode":false,"pivot":{"x":1322.8878173828125,"y":464.5772399902344,"z":561.2955932617188},"rotation":{"x":0.0419895239174366,"y":0.003905494464561343,"z":-0.0003769060131162405,"w":0.9991991519927979},"size":1204.5950927734375,"orthographic":false}